{"cameraMode":{"drawMode":0,"name":"Shaded","section":"Shading Mode"},"sceneLighting":true,"audioPlay":false,"sceneViewState":{"showFog":true,"showMaterialUpdate":false,"showSkybox":true,"showFlares":true,"showImageEffects":true,"showParticleSystems":true},"in2DMode":false,"pivot":{"x":603.2758178710938,"y":-9.7764892578125,"z":524.3063354492188},"rotation":{"x":-0.17487530410289765,"y":0.01830964908003807,"z":-0.0032529733143746855,"w":-0.9844170808792114},"size":1335.0430908203125,"orthographic":false}