{"cameraMode":{"drawMode":0,"name":"Shaded","section":"Shading Mode"},"sceneLighting":true,"audioPlay":false,"sceneViewState":{"showFog":true,"showMaterialUpdate":false,"showSkybox":true,"showFlares":true,"showImageEffects":true,"showParticleSystems":true},"in2DMode":false,"pivot":{"x":1033.2022705078125,"y":338.0546569824219,"z":-0.3700178265571594},"rotation":{"x":-0.22599433362483979,"y":0.05315416306257248,"z":-0.012350919656455517,"w":-0.9726003408432007},"size":4.614906311035156,"orthographic":false}